theme_id,category,theme_name,sentiment,recommendation,keyword_patterns,broken_english_patterns,normal_english_patterns,advanced_English_patterns
THM001,Delivery,Teaching Pace Too Fast,Negative,Adjust lecturing speed; include deliberate pauses after complex concepts.,fast | pace | quick | rush | speed | fst | 2fast | bouncer,sir fast | teaching fast | pace too much | 2 fast | bouncer going fast | sir gud bt fast | running syllabus | speed speed | cls fast | going over head,lecturing is too fast | the speed is high | needs to slow down | goes too quickly | pace is inconsistent | good faculty but pace high,The cadence of delivery outpaces cognitive absorption. | Instructional velocity is excessive. | Tempo exceeds note-taking threshold. | Delivery speed compromises assimilation. | Pace necessitates cognitive rest periods.
THM002,Delivery,Teaching Pace Too Slow,Negative,Increase momentum to maintain student engagement and cover syllabus on time.,slow | drag | lag | boring | sleepy | slw | turtle,very slow class | sir lagging | dragging topic | syllabus not finish slow | going like snail | vry slw | bore cls slow | sleepy speed | take too much time | stop n go,the teaching pace is too slow | takes too much time on one slide | lectures drag on | slow delivery | need to cover topics faster | loses momentum,The sluggish instructional tempo diminishes cohort engagement. | Prolonged dwelling on elementary concepts induces fatigue. | The pedagogical momentum is insufficient. | Suboptimal pacing hinders curricular progression. | The lecture exhibits a lethargic trajectory.
THM003,Delivery,Clear Explanations,Positive,Maintain current pedagogical clarity and step-by-step breakdowns.,clear | easy | simple | nice | good | gud | vry gud | excellent | super | mast | perfect,sir good expln | concept clear | simple way teach | easy to get | mind clear now | vry gud teaching | sir mast | cls awesome | expln super | fully understood,explains things very well | concepts are easy to understand | clear delivery | simple teaching style | great explanations | very clear and concise,Demonstrates exceptional capacity for elucidating intricate frameworks. | Pedagogical methodology is characterized by profound clarity. | Synthesizes complex concepts into accessible narratives. | Articulated with precision and logical coherence. | Clarity of discourse significantly enhances foundational understanding.
THM004,Delivery,Confusing Explanations,Negative,Simplify language; use visual aids and analogies to clarify logic.,confusing | bouncer | lost | unclear | mixed | nt clear | wtf,going above head | full confuse | dont understand | bouncer sir | logic missing | nt clear | smtimes confusing | sir gud bt nt clear | brain fry | mixed up everything,explanations are very confusing | I get lost during lectures | concepts are not explained properly | hard to follow the logic | lacks clarity | jumps around making it confusing,The conceptual exposition is remarkably opaque. | Discourse lacks the requisite logical scaffolding for comprehension. | Explanations frequently descend into pedagogical ambiguity. | The instructional narrative is convoluted. | Fails to distill complex paradigms into digestible constructs.
THM005,Delivery,Inaudible / Low Volume,Negative,Use a microphone; project voice clearly to the back of the room.,voice | low | audible | mic | volume | cant hear | low pitch,cant hear | voice low | sir use mic | back bench no audio | sound very less | voice nt coming | pls use mic | no volume | speaking to himself | sir low voice,voice is too low to hear | cannot hear from the back | needs to speak louder | audio is not clear | please use a microphone | struggles to project voice,Vocal projection is insufficient for the spatial dimensions of the lecture hall. | Acoustic delivery remains consistently suboptimal. | The auditory threshold is inadequate for rear-seated participants. | Fails to maintain an audible decibel level. | Muffled articulation impedes auditory reception.
THM006,Delivery,Monotone Delivery,Negative,Vary vocal pitch and incorporate enthusiastic body language.,boring | monotone | sleep | robot | flat | dull | yawn,robot talk | voice boring | sleepy tone | no energy talking | flat teaching | sir making sleep | boring voice | dull cls | full sleep in cls | no expression,teaching in a monotone voice | sounds like a robot | lacking energy in delivery | voice puts me to sleep | flat tone | lacks vocal variety,The lack of vocal inflection severely diminishes engagement. | Instructional delivery is characterized by a monotonous drone. | Absence of dynamic prosody induces cognitive fatigue. | The auditory presentation lacks emotional resonance. | Monochromatic vocalization impedes sustained attention.
THM007,Knowledge,Deep Domain Knowledge,Positive,Continue sharing advanced industry insights and deep technical logic.,expert | smart | genius | domain | depth | pro | knowledgeable,sir know full tech | big brain | top knowledge | subject master | awesome info | highly knowledgeable | sir pro | content king | good subject grip | deep tech,has great knowledge of the subject | deep understanding | really knows the topic | expert in this field | highly knowledgeable | answers out of syllabus questions easily,Manifests a comprehensive and nuanced mastery of the subject matter. | Depth of subject-matter expertise is highly enriching. | Exhibits a sophisticated grasp of contemporary industry standards. | Academic proficiency facilitates a high-level learning experience. | Depth of technical knowledge provides a robust intellectual foundation.
THM008,Knowledge,Outdated Knowledge,Negative,Update syllabus material to align with modern frameworks and industry standards.,old | outdated | obsolete | ancient | past,teaching old stuff | syllabus old | tech outdated | nobody uses this | old version code | living in 2010 | old tech | update reqd | sir teaching history | deprecated,teaching outdated technologies | materials are very old | not up to industry standards | focuses on obsolete concepts | needs to update knowledge | industry moved on,The pedagogical content is misaligned with contemporary technological paradigms. | Heavy reliance on deprecated frameworks limits practical utility. | The curriculum suffers from severe technological obsolescence. | Fails to integrate modern industry advancements into the discourse. | The knowledge base appears stagnant and historically bound.
THM009,Knowledge,Surface-Level Teaching,Negative,Dive deeper into the 'why' and 'how' of concepts rather than just definitions.,basic | surface | shallow | depthless | wiki | upper,only basic | no deep dive | just reading defs | skim topic | upper upper teaching | no depth | just theory definition | superficial | basic level only | reading ppt only,only teaches the basics | lacks in-depth analysis | just scratches the surface | no detailed explanation | teaching is too shallow | doesn't explain the core logic,Instructional depth remains superficial and lacks rigorous analysis. | The discourse fails to transcend elementary definitions. | An absence of profound analytical engagement characterizes the lectures. | The pedagogical approach is markedly shallow. | Fails to explore the underlying architectural complexities.
THM010,Concept,Overcomplicates Simple Topics,Negative,Use straightforward logic; avoid unnecessary technical jargon for basic ideas.,overcomplicate | jargon | twist | complex | hard | tough,making simple thing hard | too much jargon | twisting logic | simple topic confuse | why make hard | making it complicated | round and round | simple concept twisted | unnecessarily tough,makes easy topics very hard | overcomplicates basic concepts | uses too much unnecessary jargon | hard to understand simple things | twists the explanations | creates confusion out of nothing,Exhibits a propensity to obfuscate elementary principles with extraneous complexity. | Pedagogy is hindered by the superfluous injection of dense jargon. | Fails to distill basic concepts without introducing convoluted logic. | The instructional narrative unnecessarily complicates foundational elements. | There is a structural tendency toward academic over-engineering.
THM011,Concept,Brilliant Real-World Analogies,Positive,Keep using real-world SaaS and industry analogies to map technical logic.,analogy | real world | relate | link | example | practical example,good real example | relate to real life | nice analogy | easily link | practical relate | real world link | daily life example | best analogies | connect well | real life use case,uses great real-world examples | connects theory to real life perfectly | analogies make it easy to understand | relates concepts to industry | excellent comparative examples | brings concepts to life,Masterfully contextualizes abstract theoretical constructs through empirical analogies. | The integration of real-world phenomena significantly augments conceptual assimilation. | Pedagogical analogies bridge the gap between academic theory and industry praxis. | Synthesizes complex paradigms via highly relatable and pragmatic illustrations. | The use of metaphorical scaffolding is exceptional.
THM012,Interaction,Low Classroom Engagement,Negative,"Implement active learning strategies, quizzes, and live Q&A.",boring | sleep | dead | passive | dull | unengaged,class sleepy | no interact | dead class | sir just talk | mobile watching back | super boring | yawning class | one way traffic | nobody listening | dead silent,the class is quite boring | there is no interaction | feel sleepy in class | not engaging | need to make class fun | feels like a monologue,"The pedagogical delivery suffers from a lack of dynamic engagement strategies. | The classroom atmosphere remains stagnant, impeding active participation. | Instructional approach necessitates interactive elements to sustain attention. | The current methodology fails to elicit meaningful cohort involvement. | The lack of interactive discourse diminishes collaborative outcomes."
THM013,Interaction,Encourages Participation,Positive,"Continue fostering a dynamic, debate-friendly classroom environment.",interactive | engage | participate | ask | active | fun | engaging,sir ask questions | good interact | class active | no sleep | fun learning | sir makes us talk | fully engaged | two way talk | open discussion | lively class,encourages us to speak up | highly interactive sessions | keeps the class engaged | lots of participation | asks good questions | creates a lively learning environment,Cultivates a highly participatory and intellectually stimulating academic environment. | Demonstrates exemplary skill in eliciting Socratic dialogue. | The interactive paradigm significantly heightens cohort cognitive engagement. | Fosters a dynamic forum conducive to collaborative dialectic. | Proactively integrates student contributions into the instructional narrative.
THM014,Interaction,Discourages Questions,Negative,Create a safe space for inquiries; avoid shutting down students.,shut down | no question | angry | suppress | ignore | ego,sir get angry if ask | say sit down | dont let ask | scold for doubt | no questions allowed | ego hurt if ask | ignores raised hand | suppress doubts | fear to ask | gets defensive,discourages students from asking questions | gets irritated when interrupted | shuts down queries | doesn't like being questioned | makes us afraid to ask | defensive when challenged,"Manifests a defensive posture toward student inquiries, stifling intellectual curiosity. | Cultivates an environment that implicitly penalizes academic questioning. | The pedagogical stance is excessively authoritative, deterring dialectical exchange. | Dismissive reactions to queries erode the psychological safety of the cohort. | Fails to accommodate exploratory dialogue within the lecture framework."
THM015,Doubt Solving,Effective Doubt Clearing,Positive,Maintain high accessibility and patience for resolving student queries.,solve | doubt | clear | answer | help | supportive,doubt solve good | answer anything | clear all doubt | sir help much | easy ask doubt | patient with doubts | solves multiple times | clear doubt properly | good doubt handling | always ready to explain,clears doubts very effectively | always ready to answer questions | solves problems patiently | good at explaining doubts | takes time for queries | doesn't rush through doubts,Demonstrates exceptional efficacy in resolving complex academic inquiries. | Provides comprehensive and targeted clarification of conceptual ambiguities. | The systematic addressing of student doubts bolsters the learning trajectory. | Bridges knowledge gaps through patient and rigorous explanations. | Faculty interaction regarding doubt resolution is highly constructive.
THM016,Doubt Solving,Mocks Students for Doubts,Negative,Adopt a strictly professional and encouraging tone during Q&A.,mock | insult | laugh | humiliate | stupid | belittle,sir laugh at doubt | insult in front class | call stupid | make joke of us | feel bad asking | mocks my question | belittle student | humiliation | sarcastic to doubt | makes us feel dumb,makes fun of students for asking basic questions | humiliates people for having doubts | mocks our lack of knowledge | condescending tone | insults us when we ask | highly sarcastic responses,Employs derisive commentary in response to legitimate student inquiries. | The deployment of pedagogical mockery severely degrades the learning environment. | Condescending rhetoric alienates learners and suppresses academic curiosity. | Fails to maintain professional decorum during doubt resolution sequences. | Cultivates a toxic classroom dynamic through intellectual humiliation.
THM017,Practical,Need More Live Coding/Demos,Negative,Transition from slide-based theory to IDE-based live execution.,live code | demo | execute | type code | practicals reqd | hands on,sir only PPT no code | want live code | run code in class | show output | theory coding bad | practicals reqd | demo missing | want implementation | execute in front of us | purely theoretical coding,needs to write code live in class | stop reading code from slides | we want practical execution | please show the output | more hands-on coding | need to see the implementation,"The curriculum suffers from an over-reliance on theoretical syntax rather than functional execution. | A transition to real-time, IDE-based instructional demonstrations is imperative. | The absence of live algorithmic execution hinders practical comprehension. | Pedagogical efficacy would be enhanced by empirical code compilation during lectures. | Relies disproportionately on static code representation."
THM018,Practical,Excellent Lab Guidance,Positive,Continue providing hands-on debugging support and step-by-step lab instructions.,lab | guide | debug | hands on | execution | practicals gud,good lab sir | help debug | run code success | practical master | support in lab | excellent lab support | helps fix error | checks every screen | guides nicely in lab | hands on approach,provides excellent guidance during lab sessions | helps with debugging errors | very hands-on | ensures everyone's code runs | great practical support | actively monitors practicals,"Demonstrates superlative mentorship during empirical laboratory practicums. | Facilitates robust diagnostic troubleshooting and algorithmic debugging. | Translates abstract theoretical frameworks into pragmatic, executable outcomes effectively. | Fosters an environment of rigorous hands-on technical proficiency. | Laboratory oversight is characterized by acute technical intervention."
THM019,Practical,Absent/Unhelpful in Lab,Negative,Increase active monitoring and assistance during practical sessions.,absent lab | no help | stuck | phone | ignore lab,sir not in lab | checking phone lab | no help debug | stuck on error no help | lab waste | sitting corner | doesnt check screen | ignoring lab | absent minded lab | no support for practical,faculty is unhelpful during lab hours | sits on phone while we code | doesn't help with errors | absent mentally during practicals | we are left alone in labs | no supervision during practicals,Exhibits a conspicuous dereliction of duty during designated laboratory hours. | Passive oversight leads to unmitigated technical bottlenecks for students. | Fails to provide requisite diagnostic support for programmatic errors. | The lack of engaged mentorship renders the practicum largely ineffectual. | Demonstrates profound apathy toward empirical student outcomes.
THM020,Practical,Too Much Theory,Negative,Balance theoretical concepts with immediate practical implementations.,theory | text | dry | no practical | bookish | just reading,only theory | full reading book | no use practical | dry subject | waste without doing | only text | boring theory | theoretical waste | want practicals | no real usage shown,too much focus on theoretical concepts | we need practical applications | purely bookish knowledge | teaching is too dry | lacks real-world doing | imbalance between theory and practicals,The syllabus is overwhelmingly skewed toward abstract theoretical discourse. | An egregious deficit of pragmatic application diminishes the course's utility. | The pedagogical focus is disproportionately moored in academic hypotheticals. | Fails to operationalize theoretical constructs into tangible methodologies. | The heavy theoretical orientation lacks corresponding empirical validation.
THM021,Behaviour,Approachable and Friendly,Positive,Maintain an open-door policy and positive student relationships.,friendly | nice | approach | smile | kind | sweet | cool,sir very friendly | talk nice | good human | easy to talk | open mind | sweet faculty | cool sir | always smiling | friendly nature | zero ego,faculty is very approachable | friendly demeanor | always open for a chat | kind and understanding | easy to communicate with | warm and welcoming,Maintains an exceptionally approachable and supportive pedagogical demeanor. | Fosters a psychological environment highly conducive to open academic discourse. | Exhibits a commendable level of professional warmth and accessibility. | Balances professional authority with student-centric empathy masterfully. | Accessibility significantly mitigates barriers to intellectual inquiry.
THM022,Behaviour,Arrogant / Condescending,Negative,Adopt a more empathetic and collaborative posture towards students.,arrogant | rude | ego | attitude | superior | mean,sir full ego | rude talk | think he know all | bad attitude | talk down us | highly arrogant | disrespectful | strict for no reason | mean to students | superiority complex,faculty is very arrogant | has a superiority complex | condescending towards students | rude behavior in class | let down by his attitude | extremely self centered,Exhibits a persistently haughty and dismissive disposition toward the cohort. | Pedagogy is undermined by an unwarranted superiority complex. | Condescending rhetoric creates a palpable adversarial dynamic. | The behavioral paradigm is marked by egregious professional arrogance. | Fails to cultivate a collegial atmosphere due to unchecked ego.
THM023,Behaviour,Inspiring Mentor,Positive,Continue guiding students regarding career paths and self-development.,inspire | motivate | mentor | guide | role model | uplifting,sir role model | give motivation | guide career | best mentor | push to do good | inspiring words | motivating cls | life lessons | career support | uplifting faculty,an incredibly inspiring teacher | acts as a great mentor | motivates us to learn more | provides excellent career guidance | a true role model | pushes us to achieve our best,"Serves as a profound catalyst for intellectual and professional development. | Mentorship transcends the prescribed curriculum, fostering holistic growth. | Consistently instills intrinsic motivation and academic rigor within the cohort. | Functions as an exemplary paradigm of professional excellence and ethics. | Inspirational leadership significantly elevates the standard of student aspiration."
THM024,Organisation,Late to Class,Negative,Adhere strictly to the institutional timetable to maximize learning hours.,late | delay | time | tardy | wait | not punctual,always come late | sir waste time | start class late | wait 20 min | no punctual | always delayed | coming late daily | waiting for sir | time waste class | delays schedule,frequently arrives late to lectures | delays the start of the class | we waste a lot of time waiting | not punctual at all | poor time management in arriving | consistently tardy,Demonstrates a chronic inability to adhere to the prescribed academic schedule. | Habitual tardiness significantly erodes designated instructional time. | Fails to exhibit fundamental respect for the cohort's chronological constraints. | Lack of punctuality severely disrupts the logistical flow of the curriculum. | Temporal mismanagement is a recurring and detrimental administrative flaw.
THM025,Evaluation,Fair Evaluation,Positive,Continue transparent and objective grading practices.,fair | marks | justice | proper check | objective | unbiased,give correct mark | fair check | honest paper correct | no partial | good grading | unbiased | fair marks | proper evaluation | deserved marks | checks properly,grading is very fair and transparent | evaluates papers honestly | no bias in marking | awards marks based on merit | good evaluation criteria | maintains objectivity in grading,Assessment methodology is consistently equitable and analytically sound. | Demonstrates unwavering academic integrity in evaluative protocols. | Marking rubric is applied with laudable consistency and objectivity. | Fosters student trust through transparent and justifiable grading paradigms. | Evaluation criteria accurately reflect empirical student competency.
THM026,Evaluation,Biased / Favoritism,Negative,Ensure grading is blind to student identity; standardise rubrics.,bias | partial | favor | pet | unfair | targeted,sir partial | do favoritism | pet student get mark | unfair check | target me | highly biased | only girls get marks | front bench bias | partiality | unfair grading,shows clear favoritism towards certain students | grading is heavily biased | unfair evaluation practices | treats students differently | partiality in marks | penalizes based on personal grudges,Evaluative processes are compromised by discernible preferential treatment. | Displays a conspicuous bias that undermines academic meritocracy. | Grading schema lacks objective rigor and is susceptible to subjective favoritism. | The inequitable distribution of academic validation fosters cohort resentment. | Fails to maintain the requisite impartiality for legitimate academic assessment.
THM027,Evaluation,Strict Grading,Neutral,Provide detailed rubrics pre-assignment so students understand expectations.,strict | hard mark | cut mark | tough check | low score | rigid,sir cut marks | very strict correct | hard to score | checking tough | no step mark | zero mercy | rigid grading | tight checking | lose marks easily | very tough evaluator,grading is extremely strict | cuts marks for small errors | hard to get good grades | tough evaluator | does not give step marks easily | expects absolute perfection,"Employs an exceptionally rigorous and unyielding evaluative rubric. | Grading standards are stringently calibrated, resulting in a compressed grade distribution. | Assessment methodology penalizes minor deviations with disproportionate severity. | The strictness of the evaluation may occasionally stifle intellectual risk-taking. | Evaluative stringency demands an elevated threshold of academic precision."
THM028,Evaluation,Delayed Results/Feedback,Negative,Return assignments promptly to ensure iterative learning.,delay | late check | wait | slow evaluate | no result | pending,marks very late | sir take month to check | slow marking | feedback delay | wait too long | results pending | assignments not checked | delayed evaluation | takes forever to check | late grades,takes too long to return assignments | delayed feedback on tests | slow evaluation process | we don't get marks on time | results are always pending | lags in grading,Demonstrates a chronic lag in the provision of evaluative feedback. | The delayed return of assessments disrupts the iterative learning cycle. | Administrative sluggishness in grading diminishes the formative value of assignments. | Fails to adhere to reasonable temporal parameters for academic evaluation. | The extended turnaround time for results is pedagogically counterproductive.
THM029,Evaluation,Good Constructive Feedback,Positive,Maintain detailed margin-notes on assignments and code reviews.,feedback | comment | review | improve | correct | actionable,tell mistake nicely | good comment on paper | say how improve | feedback super | code review good | constructive criticism | helpful comments | points out errors well | detailed feedback | guides nicely on mistakes,gives excellent constructive feedback | tells us exactly where to improve | leaves helpful comments on assignments | great code reviews | points out errors clearly | highly actionable feedback,"Provides granular, highly actionable formative assessments. | Feedback loops are characterized by profound diagnostic precision. | Evaluative commentary significantly facilitates targeted skill remediation. | Cultivates academic growth through rigorous, constructive critique. | Code reviews demonstrate an exceptional depth of analytical scrutiny."
THM030,Assignments,Unclear Instructions,Negative,"Provide written, unambiguous briefs for all coursework.",unclear | vague | confused task | no detail | instructions | ambiguous,dont know what to do | instruction confuse | task not clear | vague homework | sir not tell proper | ambiguous assignment | poorly defined task | no clarity on hw | confused on deliverables | instructions missing,assignment instructions are very vague | unclear on what is expected | confusing project guidelines | lacks proper details | not sure how to proceed | brief is extremely ambiguous,"The assignment parameters are articulated with egregious ambiguity. | Lacks the requisite specificity in outlining project deliverables. | The conceptual brief is excessively nebulous, leading to widespread misinterpretation. | Fails to operationalize task requirements into actionable directives. | The opacity of instructions severely hinders logistical execution."
THM031,Assignments,Heavy Assignment Load,Negative,Audit task volume to ensure students have time for self-study and digestion.,heavy | load | too much | burden | daily hw | overwhelming,too much work | full load | no time sleep | everyday assignment | killing with tasks | heavy load | assignments everywhere | overwhelming hw | burden | suffocating with work,the assignment load is extremely heavy | too many tasks given at once | overwhelming amount of homework | unmanageable workload | takes up all our time | leaves no room for self study,The aggregate volume of mandated deliverables constitutes an undue academic burden. | The assignment density frequently precludes profound cognitive engagement. | An overwhelming workload induces systemic fatigue within the cohort. | Fails to optimize the equilibrium between task volume and analytical quality. | The intensity of deadlines necessitates an immediate strategic recalibration.
THM032,Assignments,Relevant & Practical Assignments,Positive,Continue deploying assignments that mimic industry problems.,useful hw | project | real task | industry | relevant | applied,hw very useful | real project | coding task good | helps in job | relevant work | practical assignment | industry ready | good projects | meaningful hw | real use case task,assignments are very practical | projects are relevant to the industry | homework actually helps us learn | tasks are not just copy-paste | very useful assignments | bridges theory with practice,Deliverables are meticulously aligned with contemporary industrial requirements. | The assignments constitute highly pragmatic exercises in applied methodology. | Projects successfully simulate authentic professional problem-solving scenarios. | The academic tasks possess profound functional relevance to the discipline. | Cultivates hands-on proficiency through rigorously designed applied work.
THM033,Materials,Reads PPT Word-for-Word,Negative,"Use slides as anchors, not scripts. Speak off-the-cuff to elaborate.",read slide | ppt | dictate | text read | parrot,sir only read ppt | full reading slides | no self explain | text to speech | why come class just read | parrot reading | copy paste speech | boring ppt read | slide reader | strictly ppt,just reads the slides word for word | no extra explanation beyond the PPT | relies entirely on presentation text | simply dictates the slides | zero value addition | might as well read it at home,"Instruction is reduced to the rote recitation of presentation text. | Fails to synthesize or expand upon the static visual aids. | The pedagogy is entirely tethered to slide content, lacking extemporaneous elaboration. | The verbatim dictation of materials fundamentally undermines the lecture's utility. | An absence of analytical value-add beyond the documented material."
THM034,Materials,High Quality Presentation Materials,Positive,"Continue using visually clean, flowchart-driven, and well-designed slides.",good ppt | slide nice | material | notes good | visual | graphics,ppt very nice | good slide design | notes easy study | visual good | material best | clean presentation | awesome graphics | flowchart good | clear notes | helpful slides,provides excellent quality PPTs | notes are very well structured | presentation slides are helpful | good use of visuals | study materials are top notch | aesthetically pleasing materials,The instructional collateral exhibits an exceptional standard of design and clarity. | Curated materials provide a robust ontological framework for self-directed study. | Presentations brilliantly leverage visual heuristics to distill complex data. | The documentation accompanying the lectures is comprehensive and meticulously organized. | The pedagogical artifacts are indispensable assets for academic review.
THM035,Organization,Disorganized Course Flow,Negative,Stick to the syllabus progression. Provide a roadmap at the start of every class.,messy | random | unorganized | jump topic | no structure | chaotic,sir jump topic | random teach | no order follow | syllabus messy | confused structure | chaotic flow | skips sequence | haphazard | unorganized | flying between topics,the course structure is very disorganized | jumps randomly between different topics | lectures lack a logical flow | hard to track progress | no coherent structure | syllabus feels fragmented,"The curriculum sequence exhibits a profound lack of logical scaffolding. | Frequent tangential deviations disrupt the thematic cohesion of the course. | The instructional architecture is disjointed, hindering cumulative knowledge acquisition. | Fails to establish a coherent pedagogical roadmap. | The disorganized progression induces severe structural ambiguity."
THM036,Organization,Well-Structured Lectures,Positive,Maintain the precise modular breakdown and end-of-class summaries.,structured | flow | ordered | plan | smooth | sequential,good plan | flow nice | step by step | topic order good | easy follow | very organized | structured well | proper sequence | smooth transition | planned cls,lectures are extremely well planned | follows a logical and smooth flow | step by step progression is great | course is highly structured | easy to keep track of topics | meticulously organized,The course architecture boasts an exceptionally rigorous and logical sequence. | Meticulous pedagogical planning ensures seamless thematic transitions. | The structured progression significantly optimizes cognitive load management. | Delivers a masterclass in sequential syllabus execution. | The organized framework is highly conducive to systematic intellectual assimilation.
THM037,Communication,Poor English / Grammar,Negative,Invest in language proficiency or standardize lecture terminology.,grammar | english | language | hard follow | vocab | broken eng,english not good | sir grammar wrong | hard understand words | language barrier | speaking mistake | poor english | sentences break | wrong grammar | vocab weak | struggles to speak,struggles with english grammar | makes frequent language mistakes | poor vocabulary makes it hard to follow | communication barrier | needs better english | sentence formation is weak,Linguistic deficiencies frequently obscure the dissemination of technical concepts. | The discourse is hindered by persistent syntactical and grammatical inaccuracies. | A constrained lexical repertoire impedes nuanced academic articulation. | Communication barriers significantly detract from the pedagogical efficacy. | Fails to meet the linguistic standards requisite for collegiate instruction.
THM038,Communication,Excellent Oratory Skills,Positive,Leverage communication skills to record flipped-classroom video content.,speak well | fluent | orator | artic | express | vocabulary,speak very nice | fluent english | words good | communication strong | listen nice | good vocab | english super | impressive speaking | articulates well | great speaker,excellent communication skills | very fluent and articulate | speaks with great confidence | words are chosen perfectly | a pleasure to listen to | highly expressive,Demonstrates superlative oratorical prowess and rhetorical sophistication. | The fluency and precision of articulation are exemplary. | Masters the nuanced modulation of language to maximize pedagogical impact. | Exhibits profound eloquence that elevates the academic discourse. | The communicative framework is highly persuasive and intellectually engaging.
THM039,Knowledge,Skips Important Modules,Negative,Ensure 100% syllabus coverage; allocate buffer time for dense topics.,skip | miss | module left | not covered | leap | omission,sir skip topic | miss unit 3 | fast forward syllabus | exam topic left | not complete book | skipping main part | jumps modules | important stuff missed | half syllabus left | skipped,skips over important parts of the syllabus | fails to cover core modules | leaves out critical chapters | rushes through and misses topics | syllabus incomplete | glaring omissions in course,Exhibits a detrimental tendency to bypass foundational curricular modules. | Critical thematic components are systematically omitted from the discourse. | The incomplete execution of the syllabus leaves profound epistemological gaps. | Fails to comprehensively traverse the mandated academic framework. | The selective omission of data compromises the integrity of the course.
THM040,Evaluation,Excellent Exam Prep,Positive,Continue providing targeted revision sessions and past-paper analyses.,exam | revision | prep | pass | helpful test | past paper,exam prep good | help pass | revision class super | tell important q | ready for test | focus on exam | revision helpful | solves old papers | prepares for finals | good exam tips,provides great preparation for final exams | revision sessions are highly effective | guides us on important questions | ensures we are ready to pass | excellent test prep | analyzes past papers well,Orchestrates highly strategic and comprehensive pre-examination review protocols. | Analytically targets core competencies critical for summative assessments. | Synthesizes complex domains into highly reviewable formats for examinations. | Maximizes cohort readiness through rigorous evaluative simulations. | Demonstrates a profound commitment to optimizing student empirical outcomes.
THM041,Communication,Accent Difficult to Understand,Negative,Enunciate clearly and pace speech to accommodate regional dialect differences.,accent | pronunciation | heavy accent | difficult accent | words unclear,accent very heavy | cant catch words | sir pronunciation tough | don't understand accent | words mix up | speaking different | tough accent | foreign accent | native pull | unclear pronunciation,the professor's accent is very difficult to understand | hard to catch the pronunciation | heavy regional accent makes it tough | words bleed into each other | requires extreme concentration to understand,The phonetic articulation is heavily influenced by a dense regional dialect. | Phonological variations obscure the clarity of the lecture discourse. | The specific cadence and accentuate patterns present an auditory barrier. | Comprehension is significantly hindered by idiosyncratic pronunciation. | Requires substantial auditory adaptation from the student cohort.
THM042,Delivery,Repetition of Content,Negative,Avoid circular teaching; trust students' retention and move the syllabus forward.,repeat | loop | same thing | redundant | stuck,sir repeating same thing | teaching same point | loop loop | why repeat again | stuck on one slide | repeating | boring repetition | yesterday topic again | redundant | spinning wheels,keeps repeating the same points over and over | the lectures feel highly redundant | gets stuck on one topic for too long | circular explanations | unnecessarily repeats previous lectures,"The pedagogical discourse is characterized by an unwarranted circularity. | Lectures suffer from chronic redundancy, rehashing established concepts. | Fails to advance the thematic narrative, resulting in temporal inefficiency. | The instructional loop impedes the progressive assimilation of new data. | Repetitive iteration diminishes the intellectual density of the session."
THM043,Delivery,High Classroom Energy,Positive,Maintain this dynamic delivery style to sustain peak student engagement.,energy | dynamic | active | enthusiastic | lively,full energy cls | active sir | enthusiastic | not boring | lively class | boom boom | sir super energetic | fun vibe | keeps awake | electric,brings great energy to the classroom | highly enthusiastic delivery | keeps the vibe very active | impossible to fall asleep | very lively and dynamic presence,Instructional delivery is invigorated by a palpable and contagious kinetic energy. | The educator projects a profound enthusiasm that mitigates cognitive fatigue. | Maintains a highly dynamic performative presence within the lecture theater. | The kinetic pedagogy effectively anchors cohort attention. | Sustains a remarkably lively and stimulating academic atmosphere.
THM044,Organization,Poor Time Management,Negative,Pace the lecture to ensure core topics are covered without rushing at the end.,time | rush end | mismanage | out of time | bad pacing,no time manage | waste time then rush | slow start fast end | out of time | syllabus rush last min | bad pacing | time waste | last 10 min train | uneven speed | clock management bad,poor time management during the lecture | spends too much time on intros and rushes the end | mismanages the class duration | pacing is completely off | runs out of time frequently,Demonstrates a systemic failure in temporal allocation within the lecture period. | The disproportionate expenditure of time on preliminaries forces a rushed conclusion. | Pedagogy is undermined by acute chronometric mismanagement. | The asynchronous pacing disrupts the structural integrity of the lesson plan. | Fails to optimize the prescribed duration for balanced thematic coverage.
THM045,Interaction,"Mixed: Good Knowledge, Poor Delivery",Neutral,Bridge the gap between internal expertise and external communication skills.,knows but cant explain | mixed | smart but poor teach | knowledge good delivery bad | cant convey,sir know but cant teach | smart sir but explain bad | knowledge 100 delivery 0 | cant convey message | good brain bad speaking | mixed | brilliant but confusing | has info but useless for us | fails to explain | sir gud bt expln bad,faculty is very knowledgeable but fails to explain it to us | has great expertise but poor delivery | knows the subject well but teaching is bad | cannot convey the information effectively | brilliant mind but terrible teacher,Possesses substantial domain expertise but lacks the pedagogical apparatus to transfer it. | A profound asymmetry exists between internal knowledge and external articulation. | Fails to translate deep subject mastery into an accessible instructional format. | The communicative deficit obscures the inherent intellectual value of the material. | Epistemological wealth is rendered inaccessible due to delivery constraints.
THM046,Overall,Average / Neutral Feedback,Neutral,Analyze neutral feedback for specific areas of incremental improvement.,ok | fine | average | normal | thik hai | avg,cls ok | sir avg | normal teaching | thik hai | fine | just okay | nothing special | middle level | ok ok | regular cls,the class was just okay | an average lecture | nothing particularly good or bad | standard teaching | fine but could be better | meets basic expectations,"The pedagogical execution is fundamentally adequate but unremarkable. | Meets baseline instructional standards without exhibiting exceptional proficiency. | The lecture provided a standard, though uninspired, treatment of the material. | Performance occupies the median of academic delivery. | Evokes an entirely neutral pedagogical reception."
THM047,Practical,Excellent Practical Exposure,Positive,Keep bridging the gap between theoretical computer science and actual software engineering.,exposure | industry | software | real coding | practicals good,good exposure | sir teach real dev | software level | industry standard | best practicals | makes us code | real world exposure | actual dev | github level | true practical,gives us excellent practical exposure | teaches us how it works in the real software industry | actual development practices | bridges the gap perfectly | top tier practical learning,"Provides unprecedented empirical exposure to contemporary software engineering paradigms. | Successfully bridges the abstraction gap between academic theory and industrial praxis. | Mentorship immerses the cohort in authentic, deployment-level coding environments. | Cultivates profound technical acumen through rigorous, applied exposure. | Elevates the practicum to align with elite industry standards."
